Name,Hours_Main_Story,Genre1,Genre2,Year Released,Developer,Publisher
Counter-Strike,,,,,,
Counter-Strike: Condition Zero,,,,,,
Counter-Strike: Condition Zero Deleted Scenes,,,,,,
Day of Defeat,,,,,,
Half-Life: Opposing Force,,,,,,
Half-Life,,,,,,
Half-Life: Blue Shift,,,,,,
Counter-Strike: Source,,,,,,
Bejeweled 2 Deluxe,,,,,,
Bejeweled Deluxe,,,,,,
Zuma Deluxe,,,,,,
Chuzzle Deluxe,,,,,,
Sid Meier's Civilization III: Complete,,,,,,
Garry's Mod,,,,,,
Peggle Deluxe,,,,,,
Hitman: Codename 47,,,,,,
Hitman 2: Silent Assassin,,,,,,
Hitman: Blood Money,,,,,,
Just Cause,,,,,,
Thief: Deadly Shadows,,,,,,
Tomb Raider: Anniversary,,,,,,
Geometry Wars: Retro Evolved,,,,,,
Lost Planet: Extreme Condition,,,,,,
Wolfenstein 3D,,,,,,
DOOM + DOOM II,,,,,,
Quake,,,,,,
Quake II,,,,,,
Quake III Arena,,,,,,
Half-Life 2,,,,,,
Half-Life 2: Deathmatch,,,,,,
Half-Life Deathmatch: Source,,,,,,
Portal,,,,,,
Call of Duty 4: Modern Warfare (2007),,,,,,
Call of Juarez,,,,,,
Max Payne,,,,,,
Max Payne 2: The Fall of Max Payne,,,,,,
Far Cry,,,,,,
Tom Clancy's Splinter Cell,,,,,,
Assassin's Creed,,,,,,
Tom Clancy's Rainbow Six: Vegas,,,,,,
Tom Clancy's Rainbow Six: Vegas 2,,,,,,
Tom Clancy's Ghost Recon,,,,,,
Tom Clancy's Ghost Recon: Island Thunder,,,,,,
Tom Clancy's Ghost Recon: Desert Siege,,,,,,
Far Cry 2,,,,,,
S.T.A.L.K.E.R.: Clear Sky,,,,,,
S.T.A.L.K.E.R.: Clear Sky - Enhanced Edition,,,,,,
Crysis Warhead,,,,,,
Crysis Wars,,,,,,
The Witcher: Enhanced Edition,,,,,,
Left 4 Dead,,,,,,
Bully: Scholarship Edition,,,,,,
Call of Duty: World at War,,,,,,
Prince of Persia: Warrior Within,,,,,,
Prince of Persia: The Two Thrones,,,,,,
Prince of Persia: The Sands of Time,,,,,,
Prince of Persia,,,,,,
Saints Row 2,,,,,,
Command & Conquer™ Red Alert™ 3,,,,,,
Mirror's Edge,,,,,,
Tom Clancy's Splinter Cell: Double Agent,,,,,,
Plants vs. Zombies: Game of the Year,,,,,,
Prototype,,,,,,
The Elder Scrolls IV: Oblivion Game of the Year Edition (2009),,,,,,
LEGOⓇ Indiana Jones™: The Original Adventures,,,,,,
The Secret of Monkey Island: Special Edition,,,,,,
Red Faction,,,,,,
Red Faction II,,,,,,
Tom Clancy's Splinter Cell: Chaos Theory,,,,,,
Command & Conquer™ Red Alert™ 3 - Uprising,,,,,,
Call of Duty: Modern Warfare 2 (2009),,,,,,
Call of Duty: Modern Warfare 2 (2009) - Multiplayer,,,,,,
Command & Conquer 3: Tiberium Wars™,,,,,,
Command & Conquer 3: Kane's Wrath™,,,,,,
Left 4 Dead 2,,,,,,
Serious Sam HD: The First Encounter,,,,,,
Serious Sam Fusion 2017 (beta),,,,,,
Assassin's Creed II,,,,,,
Command & Conquer™ 4 Tiberian Twilight,,,,,,
Battlefield: Bad Company™ 2,,,,,,
Just Cause 2,,,,,,
Monkey Island 2: Special Edition,,,,,,
Fallout: New Vegas,,,,,,
Call of Duty: Black Ops,,,,,,
Call of Duty: Black Ops - Multiplayer,,,,,,
Dragon Age: Origins - Ultimate Edition,,,,,,
Bejeweled 3,,,,,,
Dead Space 2,,,,,,
Assassin's Creed Brotherhood,,,,,,
Portal 2,,,,,,
Terraria,,,,,,
The Witcher 2: Assassins of Kings Enhanced Edition,,,,,,
Alice: Madness Returns,,,,,,
LIMBO,,,,,,
Quake 4,,,,,,
Arma: Cold War Assault,,,,,,
Call of Duty®: Modern Warfare® 3 (2011),,,,,,
Sniper: Ghost Warrior,,,,,,
Assassin's Creed Revelations,,,,,,
RAGE,,,,,,
Gothic 3,,,,,,
Gothic II: Gold Classic,,,,,,
ArcaniA,,,,,,
Gothic 1 Classic,,,,,,
Gothic 3 Forsaken Gods Enhanced Edition,,,,,,
ArcaniA: Fall of Setarrif,,,,,,
Gothic Playable Teaser,,,,,,
F.E.A.R. 2: Project Origin,,,,,,
F.E.A.R.,,,,,,
F.E.A.R. 3,,,,,,
F.E.A.R.: Extraction Point,,,,,,
F.E.A.R.: Perseus Mandate,,,,,,
Alan Wake,,,,,,
L.A. Noire,,,,,,
The Walking Dead,,,,,,
Thief Gold,,,,,,
Thief™ II: The Metal Age,,,,,,
FTL: Faster Than Light,,,,,,
Max Payne 3,,,,,,
Tom Clancy's Ghost Recon Future Soldier,,,,,,
Tales of Monkey Island: Chapter 1 - Launch of the Screaming Narwhal,,,,,,
Tales of Monkey Island: Chapter 2 - The Siege of Spinner Cay ,,,,,,
Tales of Monkey Island: Chapter 3 - Lair of the Leviathan ,,,,,,
Tales of Monkey Island: Chapter 4 - The Trial and Execution of Guybrush Threepwood ,,,,,,
Tales of Monkey Island: Chapter 5 - Rise of the Pirate God,,,,,,
Dishonored,,,,,,
Saints Row: The Third,,,,,,
Castle Crashers,,,,,,
Hotline Miami,,,,,,
DOOM 3,,,,,,
DOOM 3: Resurrection of Evil,,,,,,
DOOM 3: BFG Edition,,,,,,
Tropico 3 - Steam Special Edition,,,,,,
Tropico,,,,,,
Tropico 2: Pirate Cove,,,,,,
Jagged Alliance 2 - Wildfire ,,,,,,
Iron Sky Invasion,,,,,,
Sniper Elite,,,,,,
POSTAL 2,,,,,,
Far Cry® 3,,,,,,
Call of Duty: Black Ops II,,,,,,
Call of Duty: Black Ops II - Multiplayer,,,,,,
"Warhammer 40,000: Dawn of War - Anniversary Edition ",,,,,,
"Warhammer 40,000: Dawn of War - Dark Crusade",,,,,,
"Warhammer 40,000: Dawn of War - Winter Assault",,,,,,
"Warhammer 40,000: Dawn of War - Soulstorm",,,,,,
Euro Truck Simulator 2,,,,,,
Dungeon Siege III,,,,,,
Dungeon Siege,,,,,,
Dungeon Siege 2,,,,,,
America's Army: Proving Grounds,,,,,,
PlanetSide 2,,,,,,
PlanetSide 2 - Test,,,,,,
Warframe,,,,,,
Peggle Extreme,,,,,,
DCS World Steam Edition,,,,,,
Sniper Ghost Warrior 2,,,,,,
Tomb Raider,,,,,,
Fallout 3,,,,,,
Far Cry® 3 Blood Dragon,,,,,,
Saints Row IV,,,,,,
Dead Rising 2,,,,,,
"Cook, Serve, Delicious!",,,,,,
Rayman Legends,,,,,,
Risk of Rain (2013),,,,,,
Tom Clancy's Splinter Cell Blacklist,,,,,,
Earth 2150 Trilogy,,,,,,
Gorky 17,,,,,,
Septerra Core,,,,,,
Jack Orlando Director's Cut,,,,,,
Enclave,,,,,,
KnightShift,,,,,,
World War II: Panzer Claws,,,,,,
Arma 3,,,,,,
Hitman: Contracts,,,,,,
Goat Simulator,,,,,,
Grand Theft Auto V Legacy,,,,,,
Grand Theft Auto V Enhanced,,,,,,
Hotline Miami 2: Wrong Number,,,,,,
Thief,,,,,,
South Park™: The Stick of Truth™,,,,,,
Plague Inc: Evolved,,,,,,
Pixel Puzzles: Japan,,,,,,
Pixel Puzzles Traditional Jigsaw Puzzles,,,,,,
Pixel Puzzles: UndeadZ,,,,,,
Pixel Puzzles Illustrations & Anime Jigsaw Puzzles,,,,,,
LEGO® The Hobbit™,,,,,,
Metro 2033 Redux,,,,,,
Metro: Last Light Redux,,,,,,
METAL GEAR SOLID V: THE PHANTOM PAIN,,,,,,
Serious Sam Classic: The First Encounter,,,,,,
Serious Sam Classic: The Second Encounter,,,,,,
Serious Sam Classics: Revolution,,,,,,
FINAL FANTASY XIII,,,,,,
Watch_Dogs,,,,,,
INSIDE,,,,,,
Sniper Elite 3,,,,,,
Bloons TD5,,,,,,
Fallout,,,,,,
Fallout 2,,,,,,
Fallout Tactics,,,,,,
Warface: Clutch,,,,,,
Microsoft Flight Simulator X: Steam Edition,,,,,,
The Red Solstice,,,,,,
UNLOVED,,,,,,
Geometry Dash,,,,,,
SteamWorld Heist,,,,,,
Sleeping Dogs: Definitive Edition,,,,,,
Potatoman Seeks the Troof,,,,,,
LEGO® Batman™: The Videogame,,,,,,
Counter-Strike 2,,,,,,
The Binding of Isaac: Rebirth,,,,,,
FINAL FANTASY X/X-2 HD Remaster,,,,,,
Black Mesa,,,,,,
Blender,,,,,,
QUICKERFLAK,,,,,,
Hollow Knight,,,,,,
The Witcher 3: Wild Hunt,,,,,,
Empyrion - Galactic Survival,,,,,,
Ori and the Blind Forest,,,,,,
Ori and the Blind Forest: Definitive Edition,,,,,,
Darksiders II Deathinitive Edition,,,,,,
Undertale,,,,,,
Punch Club,,,,,,
POSTAL Redux,,,,,,
Mad Max,,,,,,
Quake Live,,,,,,
STEINS;GATE,,,,,,
Stardew Valley,,,,,,
Just Cause 3,,,,,,
The Metronomicon: Slay The Dance Floor,,,,,,
Rising Storm 2: Vietnam,,,,,,
The Deed,,,,,,
Dead Rising,,,,,,
Tom Clancy's Rainbow Six® Siege X,,,,,,
Wallpaper Engine,,,,,,
Duke Nukem 3D: 20th Anniversary World Tour,,,,,,
Space Pilgrim Episode III: Delta Pavonis,,,,,,
Paladins,,,,,,
Asteroid Bounty Hunter,,,,,,
Space Pilgrim Episode IV: Sol,,,,,,
The Deed: Dynasty,,,,,,
Darksiders,,,,,,
Darksiders Warmastered Edition,,,,,,
STAR WARS™: X-Wing Special Edition,,,,,,
STAR WARS™: TIE Fighter Special Edition,,,,,,
STAR WARS™ Galactic Battlegrounds Saga,,,,,,
STAR WARS™: X-Wing Alliance™,,,,,,
STAR WARS™ X-Wing vs TIE Fighter: Balance of Power Campaigns™,,,,,,
STAR WARS™ Rebellion,,,,,,
STAR WARS™: Rogue Squadron 3D,,,,,,
STAR WARS™: Rebel Assault I + II,,,,,,
DOOM,,,,,,
Candy Blast,,,,,,
Homefront: The Revolution,,,,,,
Hearts of Iron IV,,,,,,
Dead Island Retro Revenge,,,,,,
Dead Island Definitive Edition,,,,,,
Dead Island Riptide Definitive Edition,,,,,,
Sherlock Holmes: Nemesis,,,,,,
Sherlock Holmes: The Awakened (2008),,,,,,
Sherlock Holmes: The Secret of the Silver Earring,,,,,,
Sherlock Holmes: The Mystery of The Persian Carpet,,,,,,
Sherlock Holmes versus Jack the Ripper,,,,,,
The Testament of Sherlock Holmes,,,,,,
The Elder Scrolls V: Skyrim Special Edition,,,,,,
Dishonored 2,,,,,,
Mega Man Legacy Collection 2,,,,,,
State of Decay 2,,,,,,
ACE COMBAT™7: SKIES UNKNOWN,,,,,,
STAR WARS™ Republic Commando,,,,,,
STAR WARS™ Jedi Knight: Jedi Academy™,,,,,,
STAR WARS™ Jedi Knight II: Jedi Outcast™,,,,,,
"Star Wars: Battlefront 2 (Classic, 2005)",,,,,,
STAR WARS™ Starfighter™,,,,,,
STAR WARS™ Knights of the Old Republic™,,,,,,
STAR WARS™ Jedi Knight: Dark Forces II,,,,,,
STAR WARS™ Jedi Knight: Mysteries of the Sith™,,,,,,
STAR WARS™: Dark Forces,,,,,,
STAR WARS™: The Clone Wars - Republic Heroes™,,,,,,
STAR WARS™: The Force Unleashed™ Ultimate Sith Edition,,,,,,
STAR WARS™ Empire at War: Gold Pack,,,,,,
STAR WARS™: The Force Unleashed™ II,,,,,,
STAR WARS™ Knights of the Old Republic™ II: The Sith Lords™,,,,,,
Celeste,,,,,,
Aliens vs. Predator,,,,,,
Sniper Elite 4,,,,,,
The Disney Afternoon Collection,,,,,,
Crown Champion: Legends of the Arena,,,,,,
BioShock,,,,,,
BioShock 2,,,,,,
BioShock Infinite,,,,,,
BioShock Remastered,,,,,,
BioShock 2 Remastered,,,,,,
Resident Evil 7 Biohazard,,,,,,
Prey,,,,,,
Police Stories,,,,,,
Deep Rock Galactic,,,,,,
Black Squad,,,,,,
HELLDIVERS™ 2,,,,,,
Watch_Dogs 2,,,,,,
Bulletstorm: Full Clip Edition,,,,,,
SteamWorld Dig 2,,,,,,
LEGO® City Undercover,,,,,,
The Outer Worlds,,,,,,
Super Meat Boy Forever,,,,,,
ENDLESS™ Space - Definitive Edition,,,,,,
Dead Cells,,,,,,
Tom Clancy's Ghost Recon® Wildlands,,,,,,
Crisis in the Kremlin,,,,,,
Rise of the Tomb Raider,,,,,,
LEGO® Worlds,,,,,,
Wolfenstein II: The New Colossus,,,,,,
Bayonetta,,,,,,
Dead Drop,,,,,,
Devil May Cry HD Collection,,,,,,
Risk of Rain 2,,,,,,
Sentience: The Android's Tale,,,,,,
The LEGO® NINJAGO® Movie Video Game,,,,,,
"Sorry, James",,,,,,
Red Faction: Guerrilla Steam Edition,,,,,,
Red Faction Guerrilla Re-Mars-tered,,,,,,
BattleBit Remastered,,,,,,
Sniper Ghost Warrior 3,,,,,,
Splitgate,,,,,,
Totally Mayhem,,,,,,
GRIS,,,,,,
Pure Farming 2018,,,,,,
SUPERHOT: MIND CONTROL DELETE,,,,,,
Space Pilgrim Academy: Year 1,,,,,,
Fallout 4,,,,,,
Planet Zoo,,,,,,
BRINK,,,,,,
BLOCKPOST LEGACY,,,,,,
Darksiders Genesis,,,,,,
Deus Ex: Game of the Year Edition,,,,,,
Deus Ex: Invisible War,,,,,,
Deus Ex: Human Revolution - Director's Cut,,,,,,
Deus Ex: The Fall,,,,,,
Deus Ex: Mankind Divided™,,,,,,
Sniper Elite V2,,,,,,
Sniper Elite V2 Remastered,,,,,,
Borderlands GOTY,,,,,,
Borderlands GOTY Enhanced,,,,,,
The Curse of Monkey Island,,,,,,
Crash Bandicoot™ N. Sane Trilogy,,,,,,
Mafia II (Classic),,,,,,
Mafia III: Definitive Edition,,,,,,
Mafia II: Definitive Edition,,,,,,
Mafia: Definitive Edition,,,,,,
Kingdom Come: Deliverance,,,,,,
Muse Dash,,,,,,
Kingdom: New Lands,,,,,,
Blasphemous,,,,,,
Phoenix Wright: Ace Attorney Trilogy,,,,,,
The Darkside Detective: A Fumble in the Dark,,,,,,
South Park The Fractured But Whole,,,,,,
SteamWorld Quest: Hand of Gilgamech,,,,,,
Realm Royale Reforged,,,,,,
Injustice™ 2,,,,,,
Box Maze Extreme,,,,,,
Z1 Battle Royale,,,,,,
H1Z1: Test Server,,,,,,
Space Pilgrim Academy: Year 2,,,,,,
Zombie Derby,,,,,,
Call of Juarez Gunslinger,,,,,,
Hitman: Absolution,,,,,,
Sunset Overdrive,,,,,,
Shadow of the Tomb Raider,,,,,,
Exfil,,,,,,
Little Nightmares II,,,,,,
Control Ultimate Edition,,,,,,
Rogue Company,,,,,,
Yakuza 0,,,,,,
Middle-earth™: Shadow of War™,,,,,,
Resident Evil 2,,,,,,
Monster Hunter: World,,,,,,
Yakuza Kiwami,,,,,,
Aimlabs,,,,,,
Darksiders III,,,,,,
GOD EATER 3,,,,,,
Assassin's Creed III Remastered,,,,,,
Pixel Strike 3D,,,,,,
LEGO® Star Wars™: The Skywalker Saga,,,,,,
Modern Combat 5,,,,,,
Quake Champions,,,,,,
Hand Simulator: Survival,,,,,,
Metro Exodus,,,,,,
Metro Exodus Enhanced Edition,,,,,,
Space Pilgrim Academy: Year 3,,,,,,
Bloons TD 6,,,,,,
Heavy Rain,,,,,,
Beyond: Two Souls,,,,,,
Walking Zombie 2,,,,,,
Mortal Kombat 11,,,,,,
Batman: Arkham Asylum GOTY Edition,,,,,,
Batman: Arkham City GOTY,,,,,,
Batman™: Arkham Knight,,,,,,
Borderlands 2,,,,,,
Borderlands: The Pre-Sequel,,,,,,
Collapse: A Political Simulator,,,,,,
The Last Campfire,,,,,,
Spyro™ Reignited Trilogy,,,,,,
Ynglet,,,,,,
Castlevania Anniversary Collection,,,,,,
Space Pilgrim Academy: Reunion,,,,,,
Super Lucky's Tale,,,,,,
New Super Lucky's Tale,,,,,,
Yakuza Kiwami 2,,,,,,
A Sceptic's Guide to Magic,,,,,,
Mutazione,,,,,,
Rebel Inc: Escalation,,,,,,
The Henry Stickmin Collection,,,,,,
Cyberpunk 2077,,,,,,
Halo: The Master Chief Collection,,,,,,
Internet Cafe Simulator,,,,,,
Space Pilgrim Episode I: Alpha Centauri,,,,,,
Beyond a Steel Sky,,,,,,
DOOM 64,,,,,,
Destiny 2,,,,,,
Red Dead Redemption 2,,,,,,
POSTAL,,,,,,
Burnout™ Paradise Remastered,,,,,,
Battlefield™ 1,,,,,,
Battlefield 4™ ,,,,,,
Titanfall® 2,,,,,,
Grand Theft Auto IV: The Complete Edition,,,,,,
Redmatch 2,,,,,,
Persona 4 Golden,,,,,,
Wolflord - Werewolf Online,,,,,,
Helltaker,,,,,,
Broken Pieces,,,,,,
Mass Effect™ Legendary Edition,,,,,,
Red Faction: Armageddon,,,,,,
Avoid The Monsters,,,,,,
POSTAL Brain Damaged,,,,,,
Dark Deity,,,,,,
Escape from Naraka,,,,,,
Into the Pit,,,,,,
Battlefield™ V,,,,,,
Ghostrunner,,,,,,
Borderlands 3,,,,,,
IdleOn - The Idle RPG,,,,,,
Troublemaker,,,,,,
Bomber Crew,,,,,,
Yakuza 3 Remastered,,,,,,
Yakuza 4 Remastered,,,,,,
Yakuza 5 Remastered,,,,,,
Tales from the Borderlands,,,,,,
Rising Front,,,,,,
Internet Cafe Simulator 2,,,,,,
Yakuza 6: The Song of Life,,,,,,
High On Life,,,,,,
Anvil Saga,,,,,,
Palworld,,,,,,
Behind the Frame: The Finest Scenery,,,,,,
Saints Row The Third Remastered,,,,,,
Assassin's Creed IV Black Flag,,,,,,
Crysis Remastered,,,,,,
Halo Infinite,,,,,,
DEATHLOOP,,,,,,
Vampire Survivors,,,,,,
The Elder Scrolls: Arena,,,,,,
The Elder Scrolls II: Daggerfall,,,,,,
Aces and Adventures,,,,,,
Ghostwire: Tokyo,,,,,,
TYRONE vs COPS,,,,,,
PUBG: BATTLEGROUNDS,,,,,,
Wolfenstein: Enemy Territory,,,,,,
ELDEN RING,,,,,,
LEGO® Bricktales,,,,,,
Clair Obscur: Expedition 33,,,,,,
Sniper Elite 5,,,,,,
Portal with RTX,,,,,,
Squirrel with a Gun,,,,,,
THE FINALS,,,,,,
Crysis 2 Remastered,,,,,,
Crysis 3 Remastered,,,,,,
New Tales from the Borderlands,,,,,,
METAL GEAR SOLID - Master Collection Version,,,,,,
METAL GEAR & METAL GEAR 2: Solid Snake,,,,,,
METAL GEAR SOLID 2: Sons of Liberty - Master Collection Version,,,,,,
Call of Duty®,,,,,,
Call of Duty®: Modern Warfare® II,,,,,,
63 Days,,,,,,
Command & Conquer™ and The Covert Operations™,,,,,,
"Command & Conquer: Red Alert™, Counterstrike™ and The Aftermath™",,,,,,
Command & Conquer: Red Alert™ 2 and Yuri’s Revenge™,,,,,,
Command & Conquer™: Generals,,,,,,
Command & Conquer™ Tiberian Sun™ and Firestorm™,,,,,,
Command & Conquer™: Renegade,,,,,,
Ghost Recon Breakpoint,,,,,,
Pizza Tower,,,,,,
I Am Fish,,,,,,
Just Die Already,,,,,,
Lawn Mowing Simulator,,,,,,
Space Crew: Legendary Edition,,,,,,
EMPTY SHELL,,,,,,
Dead Space,,,,,,
Grand Theft Auto III - The Definitive Edition,,,,,,
Grand Theft Auto: Vice City - The Definitive Edition,,,,,,
Grand Theft Auto: San Andreas - The Definitive Edition,,,,,,
SEXTS,,,,,,
Hogwarts Legacy,,,,,,
Tiny Tina's Assault on Dragon Keep: A Wonderlands One-shot Adventure,,,,,,
Landfall Archives,,,,,,
Overwatch® 2,,,,,,
Steam Engine Simulator,,,,,,
Ghostbusters: Spirits Unleashed Ecto Edition,,,,,,
METAL GEAR SOLID 3: Snake Eater - Master Collection Version,,,,,,
Tony Hawk's™ Pro Skater™ 1 + 2,,,,,,
Tomb Raider I-III Remastered Starring Lara Croft,,,,,,
Saints Row,,,,,,
Pixel Gun 3D: PC Edition,,,,,,
Age of Empires III: Definitive Edition,,,,,,
KINGDOM HEARTS -HD 1.5+2.5 ReMIX-,,,,,,
Beyond Good and Evil - 20th Anniversary Edition,,,,,,
Eden Genesis,,,,,,
Resident Evil 4,,,,,,
Moonstone Island,,,,,,
RoboCop: Rogue City,,,,,,
Disco Elysium,,,,,,
Red Dead Redemption,,,,,,
Nothing,,,,,,
Command & Conquer™ Generals Zero Hour,,,,,,
SimCity™ 3000 Unlimited,,,,,,
Marvel Rivals,,,,,,
Apollo Justice: Ace Attorney Trilogy,,,,,,
Banana,,,,,,
Resident Evil 3,,,,,,
RESIDENT EVIL RESISTANCE,,,,,,
Resident Evil 0,,,,,,
LEGO® Harry Potter™ Collection,,,,,,
Ghostrunner 2,,,,,,
Resident Evil,,,,,,
RollerCoaster Tycoon: Deluxe,,,,,,
Drawful 2,,,,,,
The Jackbox Megapicker,,,,,,
Satisfactory,,,,,,
Black Desert,,,,,,
FINAL FANTASY VII REMAKE INTERGRADE,,,,,,
FINAL FANTASY VII REBIRTH,,,,,,
Dark Sector,,,,,,
Pankapu,,,,,,
Down the Rabbit Hole Flattened,,,,,,
Distant Space 2,,,,,,
Golden Light,,,,,,
RPG Maker VX Ace,,,,,,
Mini Thief,,,,,,
Dying Light,,,,,,
Isle of Jura,,,,,,
Party Club,,,,,,
Scheming Through The Zombie Apocalypse: The Beginning,,,,,,
Amerzone: The Explorer’s Legacy (1999),,,,,,
Dreams of Aether,,,,,,
AtmaSphere,,,,,,
"Warhammer 40,000: Gladius - Relics of War",,,,,,
Ultimate Zombie Defense,,,,,,
Battlestar Galactica Deadlock,,,,,,
Fantasy General II,,,,,,
Field of Glory II: Medieval,,,,,,
SteamWorld Dig,,,,,,
Nubs!,,,,,,
Tell Me Why,,,,,,
Hellslave,,,,,,
HITMAN World of Assassination,,,,,,
Paradox Soul,,,,,,
Space Pilgrim Episode II: Epsilon Indi,,,,,,
NEXT JUMP: Shmup Tactics,,,,,,
Ampersat,,,,,,
Barro GT,,,,,,
Wild Bastards,,,,,,
GUNTOUCHABLES,,,,,,
Kitchen Wars,,,,,,
Team Fortress 2,,,,,,
Dota 2,,,,,,
Source Filmmaker,,,,,,
